{
  "project_info": {
    "project_number": "294942547893",
    "firebase_url": "https://edugame-be68e.firebaseio.com",
    "project_id": "edugame-be68e",
    "storage_bucket": "edugame-be68e.appspot.com"
  },
  "client": [
    {
      "client_info": {
        "mobilesdk_app_id": "1:294942547893:android:e2d1339a09b979c2",
        "android_client_info": {
          "package_name": "com.example.richarthhermes.ligin"
        }
      },
      "oauth_client": [
        {
          "client_id": "294942547893-nhsnr2eq4arqj0c64717ssn0q5bscdej.apps.googleusercontent.com",
          "client_type": 3
        }
      ],
      "api_key": [
        {
          "current_key": "AIzaSyA60J7AG6-wTmhaW9Uab58G1jOV9vCfd14"
        }
      ],
      "services": {
        "analytics_service": {
          "status": 1
        },
        "appinvite_service": {
          "status": 1,
          "other_platform_oauth_client": []
        },
        "ads_service": {
          "status": 2
        }
      }
    }
  ],
  "configuration_version": "1"
}